protocol_name,namelist_vars,category,low_value,high_value,notes
emi_ant_so2,srf_emis_scale_so2_ant,mandatory,0.6,2,"protocol range [0.6, 2] Rel; CAM6 default (1) matches protocol default (1) -- see ~/LHS_example/CAM6_param_range_list.txt (Changed=No) -- so the protocol range applies directly, no default-ratio scaling needed"
emi_ant_bc,srf_emis_scale_bc_ant,mandatory,0.6,2,"protocol range [0.6, 2] Rel; CAM6 default (1) matches protocol default (1) -- see ~/LHS_example/CAM6_param_range_list.txt (Changed=No) -- so the protocol range applies directly, no default-ratio scaling needed"
emi_ant_oc,srf_emis_scale_oc_ant,mandatory,0.6,2,"protocol range [0.6, 2] Rel; CAM6 default (1) matches protocol default (1) -- see ~/LHS_example/CAM6_param_range_list.txt (Changed=No) -- so the protocol range applies directly, no default-ratio scaling needed"
emi_bb_so2,srf_emis_scale_so2_bb,mandatory,0.25,4,"protocol range [0.25, 4] Rel; CAM6 default (1) matches protocol default (1) -- see ~/LHS_example/CAM6_param_range_list.txt (Changed=No) -- so the protocol range applies directly, no default-ratio scaling needed"
emi_bb_bc,srf_emis_scale_bc_bb,mandatory,0.25,4,"protocol range [0.25, 4] Rel; CAM6 default (1) matches protocol default (1) -- see ~/LHS_example/CAM6_param_range_list.txt (Changed=No) -- so the protocol range applies directly, no default-ratio scaling needed"
emi_bb_oc,srf_emis_scale_oc_bb,mandatory,0.25,4,"protocol range [0.25, 4] Rel; CAM6 default (1) matches protocol default (1) -- see ~/LHS_example/CAM6_param_range_list.txt (Changed=No) -- so the protocol range applies directly, no default-ratio scaling needed"
emi_dms,srf_emis_scale_dms,mandatory,0.2,3,"protocol range [0.2, 3] Rel; CAM6 default (1) matches protocol default (1) -- see ~/LHS_example/CAM6_param_range_list.txt (Changed=No) -- so the protocol range applies directly, no default-ratio scaling needed"
emi_ss_acc,seasalt_emis_scale_accum,mandatory,0.1,3,"protocol range [0.1, 3] Rel; CAM6 default (1) matches protocol default (1) -- see ~/LHS_example/CAM6_param_range_list.txt (Changed=No) -- so the protocol range applies directly, no default-ratio scaling needed"
emi_ss_coa,seasalt_emis_scale_coarse,mandatory,0.1,3,"protocol range [0.1, 3] Rel; CAM6 default (1) matches protocol default (1) -- see ~/LHS_example/CAM6_param_range_list.txt (Changed=No) -- so the protocol range applies directly, no default-ratio scaling needed"
emi_du,dust_emis_fact,mandatory,0.35,1.40,"stock CAM6 knob (not added this branch); protocol range [0.5, 2] Rel applied on top of CAM6's own default 0.70 -> CAM6-native range [0.35, 1.40] per ~/LHS_example/CAM6_param_range_list.txt"
wetdep_ic,sol_facti_cloud_borne,mandatory,0.75,1.25,"stock CAM6 knob (not added this branch); protocol range [0.75, 1.25] Rel; CAM6 default (1) matches protocol default (1) -- see ~/LHS_example/CAM6_param_range_list.txt (Changed=No) -- so the protocol range applies directly, no default-ratio scaling needed"
activ_aero,microp_aero_npccn_scale,mandatory,0.75,1.25,"protocol range [0.75, 1.25] Rel; CAM6 default (1) matches protocol default (1) -- see ~/LHS_example/CAM6_param_range_list.txt (Changed=No) -- so the protocol range applies directly, no default-ratio scaling needed"
activ_cwturb,microp_aero_wsub_scale;microp_aero_wsubi_scale,mandatory,0.3,3,"protocol range [0.3, 3] Rel; TWO namelist vars, both set to the same value; CAM6 default (1) matches protocol default (1) -- see ~/LHS_example/CAM6_param_range_list.txt (Changed=No) -- so the protocol range applies directly, no default-ratio scaling needed"
micro_ccraut,micro_mg_autocon_fact,mandatory,0.003214,0.053571,"protocol range [0.9, 15] Rel, protocol default 2.8; CAM6's own default is 0.01 (not 2.8) -- same 0.9x/15x ratio-of-default scale applied on top of CAM6's default per ~/LHS_example/CAM6_param_range_list.txt -> [0.003214, 0.053571]"
micro_ccsaut,micro_mg_iautocon_fact,mandatory,0.083333,1.666667,"protocol range [100, 2000] Rel, protocol default 1200; CAM6's own default is 1 (not 1200) -- same ratio-of-default scale applied on top of CAM6's default per ~/LHS_example/CAM6_param_range_list.txt -> [0.083333, 1.666667]"
conv_cprcon_land,zmconv_c0_lnd,mandatory,0.00375,0.06,"stock CAM6 knob (not added this branch); split from the single conv_cprcon row so land/ocean can be perturbed independently -- see conv_cprcon_ocean. Protocol range [5e-5, 8e-4] Abs (s-1), default 1e-4, applied as a 0.5x/8x ratio-of-default scale on top of CAM6's own land default 0.0075 (microphys=mg2, clubb_sgs=1, phys=cam6) -> [0.00375, 0.06], preserving the protocol's 16:1 low/high spread"
conv_cprcon_ocean,zmconv_c0_ocn,mandatory,0.015,0.24,"stock CAM6 knob (not added this branch); split from the single conv_cprcon row so land/ocean can be perturbed independently -- see conv_cprcon_land. Same 0.5x/8x ratio-of-default scale applied to CAM6's own ocean default 0.0300 (microphys=mg2, clubb_sgs=1, phys=cam6) -> [0.015, 0.24], preserving the protocol's 16:1 low/high spread"
conv_entrpen,zmconv_dmpdz,mandatory,-6.667e-5,-1.333e-3,"protocol range [2e-5, 4e-4] Abs (m-1), protocol default 3e-4; CAM6's zmconv_dmpdz sign convention is negative (default -1.0e-3) -- same 0.667x/1.333x ratio-of-default scale applied to CAM6's own default per ~/LHS_example/CAM6_param_range_list.txt -> [-6.667e-5, -1.333e-3] (low_value is the weaker-entrainment/closer-to-zero bound, high_value the stronger/more-negative bound -- not numeric min/max)"
rad_bc_ni,rad_bc_ni,mandatory,0.2,0.9,"newly implemented -- BC has no CAM6/CAM7 knob, so this scales the physprop-table imaginary refractive index at every SW band by (rad_bc_ni / value already at the 550nm/idx_sw_diag band), preserving spectral shape; LW untouched per protocol. BC's imaginary refractive index is spectrally flat (0.79 at default), so this is effectively a uniform SW absorption scale. Default 0.79 (matches this branch's default BC physprop file, bcpho_rrtmg_c100508.nc); protocol range [0.2, 0.9] Abs applied directly (2026-08-10 user decision) -- protocol default 0.71 doesn't match CAM's baked-in 0.79, but since this is an Abs (not Rel) knob and the mismatch is small, the protocol's own Min/Max bounds are used as-is rather than rescaled around CAM6's default -- see ~/LHS_example/CAM6_param_range_list.txt (CAM6_Min/CAM6_Max now filled in to match Min/Max)"
rad_oc_ni,rad_oc_ni,mandatory,0.0001,0.05,"newly implemented -- same scaling approach as rad_bc_ni, applied to BOTH OC-bearing physprop files (POM's OCPHO and SOA's OCPHI, which share the same imaginary-refractive-index data in this branch's default files); OC's imaginary refractive index varies ~15x band-to-band (unlike BC's), so this preserves that spectral shape rather than flattening it. Default 0.0056650108 (matches this branch's default OC physprop files at the 550nm/idx_sw_diag band); protocol range [0.0001, 0.05] Abs (widened max per MMPPE.md note) applied directly (2026-08-10 user decision) -- protocol default 0.0055 doesn't exactly match CAM's baked-in ~0.00567, but since this is an Abs (not Rel) knob and the mismatch is small, the protocol's own Min/Max bounds are used as-is rather than rescaled around CAM6's default -- see ~/LHS_example/CAM6_param_range_list.txt (CAM6_Min/CAM6_Max now filled in to match Min/Max)"
micro_ccraut_cdnc_expo,micro_mg_autocon_nd_exp,recommended,-0.4916,-1.2291,"NOT one of the mandatory 21 -- MMPPE 'Recommended (8)' list, included because it's already implemented and appears in ~/LHS_example/CAM6_param_range_list.txt; protocol range [-0.8, -2] Abs, protocol default -1.79; CAM6's own default is -1.1 (not -1.79) -- same ratio-of-default scale applied per CAM6_param_range_list.txt -> [-0.4916, -1.2291] (low_value/high_value follow the protocol's Min/Max column order, not numeric magnitude)"
micro_ccraut_lwp_expo,micro_mg_autocon_lwp_exp,recommended,2.1,3.3,"NOT one of the mandatory 21 -- MMPPE 'Recommended (8)' list, included for the same reason as micro_ccraut_cdnc_expo above; protocol range [2.1, 3.3] Abs; CAM6 default (2.47) matches protocol default (2.47) -- see CAM6_param_range_list.txt (Changed=No) -- so the protocol range applies directly"
kappa_so4,kappa_so4,recommended,0.3,0.8,"NOT one of the mandatory 21 -- MMPPE 'Recommended (8)' list; newly implemented (ppe_changes_incorporated.txt section 8) as an ABSOLUTE override (protocol labels this Abs, not Rel), in both the stratiform (ndrop.F90) and ZM convective (zm_conv_intr.F90) activation paths -- does NOT touch hetfrz_classnuc_cam.F90's separate hardcoded SO4 hygroscopicity constant (heterogeneous ice nucleation, a different process), scoped out per explicit user decision; protocol range [0.3, 0.8] Abs, protocol default 0.6, matching this branch's physprop-table SO4 default (see phys_prop.F90/MAM4 physprop netCDF) -- so the protocol range applies directly, no default-ratio scaling needed. Sentinel/no-override value is -1, not 0 -- do not use 0 as a placeholder-for-default, it will be treated as a real (unphysical) override. CHANGED 2026-08-07: matching reworked from hardcoded MAM4 mode name (so4_a1/so4_a2 only) to species type ('sulfate'/'ammonium') for consistency with kgohil's mods_mmppe.camdev.001/aerosol_state_mod.F90 reference implementation -- see kappa_oc below, added at the same time using the same reference. Not in ~/LHS_example/CAM6_param_range_list.txt's original mandatory-21 list; a new line was added there for it (2026-08-10)"
kappa_oc,kappa_oc,recommended,0.02,0.4,"NOT one of the mandatory 21 -- MMPPE 'Recommended (8)' list; newly implemented 2026-08-07 (previously absent from this branch) as an ABSOLUTE override (protocol labels this Abs, not Rel) applied wherever species type 's-organic' (SOA) appears, in both the stratiform (ndrop.F90) and ZM convective (zm_conv_intr.F90) activation paths, mirroring kappa_so4's pattern and matching kgohil's mods_mmppe.camdev.001/aerosol_state_mod.F90 reference implementation (which implements kappa_so4 and kappa_oc together); protocol range [0.02, 0.4] Abs, protocol default 0.06, matching this branch's physprop-table OC default -- so the protocol range applies directly, no default-ratio scaling needed. Sentinel/no-override value is -1, not 0 -- do not use 0 as a placeholder-for-default, it will be treated as a real (unphysical) override. Not in ~/LHS_example/CAM6_param_range_list.txt's original mandatory-21 list; a new line was added there for it (2026-08-10)"
micro_icefall,micro_mg_vtrmi_factor,optional,0.4,2,"NOT one of the mandatory 21 -- MMPPE 'Optional (14)' list; needed ZERO code changes, already fully wired (added earlier this branch for other purposes) with default 1.D0 matching the protocol default (MMPPE.md line 146: Proposed=1, [0.4,2] Rel) -- so the protocol range applies directly, no default-ratio scaling needed; NOTE this knob also scales snow (not just cloud ice) mass-weighted fall velocity -- broader scope than the protocol's 'cloud ice crystals' wording. Not in ~/LHS_example/CAM6_param_range_list.txt's original mandatory-21 list; a new line was added there for it (2026-08-10) since that's the source-of-truth format this project uses for CAM6-side ranges"
